Pillar,Energy Level,Challenge #,Challenge Name,Duration,Description,Steps
Stress Reduction,LOW,1,Deep Breathing Anchor,5 minutes,Simple guided breathing to calm your nervous system,Find a comfortable seated position | Place one hand on your chest and one on your belly | Breathe in through your nose for 4 counts | Hold the breath for 4 counts | Exhale through your mouth for 4 counts | Repeat this cycle 10 times | Notice how your body feels
Stress Reduction,LOW,2,Progressive Muscle Relaxation,5 minutes,Release tension by tensing and relaxing muscle groups,"Sit or lie down comfortably | Tense your feet muscles for 3 seconds, then release | Tense your calves for 3 seconds, then release | Continue up through thighs, glutes, abdomen, chest, arms, and face | Notice the contrast between tension and relaxation | Take a deep breath and relax completely | Stay in this relaxed state for 1 minute"
Stress Reduction,LOW,3,Mindful Moment Check-in,5 minutes,Ground yourself in the present moment,Close your eyes or soften your gaze | Notice 5 things you can see around you | Notice 4 things you can physically feel | Notice 3 things you can hear | Notice 2 things you can smell | Notice 1 thing you can taste | Take 3 deep breaths and open your eyes
Stress Reduction,LOW,4,Gentle Neck Release,5 minutes,Release tension from your neck and shoulders,"Sit upright with shoulders relaxed | Slowly tilt your head to the right, hold for 20 seconds | Return to center, then tilt to the left for 20 seconds | Gently roll your shoulders backwards 5 times | Roll your shoulders forwards 5 times | Look over your right shoulder for 20 seconds | Look over your left shoulder for 20 seconds"
Stress Reduction,LOW,5,Gratitude Reflection,5 minutes,Shift focus to positive aspects of your life,"Find a quiet comfortable space | Think of 3 things you're grateful for today | For each item, spend 30-40 seconds reflecting on why you appreciate it | Notice the emotions that arise | Write or mentally note these in your mind | End with a moment of appreciation | Carry this feeling with you"
Stress Reduction,LOW,6,Hand Warming Meditation,5 minutes,Activate relaxation response through gentle hand focus,"Sit comfortably with hands in your lap | Rub your hands together slowly to generate warmth | Place palms on your face, feeling the warmth | Slowly move hands down to your neck | Then to your shoulders | Finally rest hands on your thighs | Stay present with the warmth and relaxation"
Stress Reduction,LOW,7,Belly Breathing Focus,5 minutes,Diaphragmatic breathing for deep relaxation,Lie down on your back with knees bent | Place hands on your belly | Breathe naturally and feel your belly expand on inhale | Feel your belly contract on exhale | Gradually slow down your breathing | Aim for 6-8 breaths per minute | Continue for 5 minutes
Stress Reduction,LOW,8,Tension Release Scan,5 minutes,Identify and release stress points in your body,Close your eyes and mentally scan from head to toe | Notice any areas of tension | Focus on the most tense area | Breathe into that area for 30 seconds | Visualize the tension dissolving | Move to the next tense area | End by taking 3 full body relaxing breaths
Stress Reduction,LOW,9,Soft Gaze Meditation,5 minutes,Calm your mind with a gentle visual focus,"Sit comfortably and choose an object to gaze at | Keep your eyes soft and unfocused | Let your vision become fuzzy and gentle | Notice how this softens your entire nervous system | If thoughts arise, gently return to your soft gaze | Continue for the full 5 minutes | Slowly return to normal vision"
Stress Reduction,LOW,10,Self-Compassion Break,5 minutes,Soothe yourself with kind inner dialogue,Acknowledge that you're experiencing stress | Place your hand over your heart | Repeat softly: 'This is a moment of stress' | Say: 'Suffering is part of life' | Say: 'May I be kind to myself' | Think of a kind phrase and repeat it | Feel the warmth and comfort of your hand
Stress Reduction,LOW,11,Humming Vibration Calm,5 minutes,Use vocal vibrations to activate parasympathetic response,"Sit comfortably with mouth closed | Take a deep breath in through your nose | Hum gently as you exhale, feeling the vibration | Try different pitches and notice the sensations | Continue humming for 5-10 second exhales | Repeat 10-12 times | Notice the calm that follows"
Stress Reduction,LOW,12,Cloud Visualization,5 minutes,Mental imagery to let stress drift away,Sit or lie down and close your eyes | Imagine yourself lying on soft clouds | Visualize your stress as dark clouds passing by | Watch them drift away slowly | Focus on the blue sky and sunshine | Feel safe and supported by your cloud bed | Take a few deep breaths and return
Stress Reduction,LOW,13,Gentle Palm Press,5 minutes,Release tension through palm pressure points,Extend your left arm with palm facing up | Use your right thumb to gently press the center of your palm | Make small circles for 1 minute | Move to different areas of your palm | Repeat on your right hand | Notice the relaxation spreading through your hands | Shake out your hands gently
Stress Reduction,LOW,14,Quiet Mind Pause,5 minutes,Simple stillness without effort,"Find a quiet place and sit comfortably | Don't try to think or not think | Simply be present with what is | Let your eyes be soft or closed | Notice the silence around and within you | If thoughts come, let them pass | Enjoy the peace of stillness"
Stress Reduction,LOW,15,Color Breathing,5 minutes,Associate colors with calming energy,Sit comfortably and close your eyes | Visualize a calming blue light as you inhale | See this blue energy filling your body | Visualize gray stress leaving as you exhale | Watch the gray dissolve into air | Continue alternating for 5 minutes | End surrounded by healing blue light
Stress Reduction,MEDIUM,1,Dynamic Stretching Flow,5 minutes,Move through gentle stretches to release stress,"Stand with feet hip-width apart | Reach arms up and side stretch left, hold 15 seconds | Side stretch right, hold 15 seconds | Forward fold and gently touch your toes, hold 20 seconds | Flow into a gentle backbend, hold 15 seconds | Repeat the sequence 2 more times | End with a full body stretch reaching up"
Stress Reduction,MEDIUM,2,Box Breathing Pattern,5 minutes,Structured breathing for nervous system regulation,Sit upright in a comfortable position | Breathe in through nose for 4 counts | Hold for 4 counts | Exhale through mouth for 4 counts | Hold for 4 counts | Repeat this pattern 15 times | Notice the shift in your nervous system
Stress Reduction,MEDIUM,3,Walking Meditation,5 minutes,Combine movement with mindfulness,"Find a safe walking path indoors or outdoors | Walk slowly and deliberately | Focus on the sensation of each footstep | Notice the rhythm of your walking | Feel the movement in your legs and arms | If your mind wanders, gently bring focus back | Walk for the full 5 minutes"
Stress Reduction,MEDIUM,4,Neck and Shoulder Release,5 minutes,Active release of upper body tension,"Sit upright and relax your shoulders | Slowly roll head clockwise, 5 full rotations | Reverse and roll counterclockwise, 5 rotations | Shrug shoulders up to ears and drop, 10 times | Reach right arm across to left shoulder, feel the stretch for 20 seconds | Repeat on the other side | Gently massage your neck and shoulders"
Stress Reduction,MEDIUM,5,Energy Release Shaking,5 minutes,Use movement to discharge stress energy,"Stand with feet shoulder-width apart | Shake your hands vigorously for 30 seconds | Shake your feet and legs for 30 seconds | Do gentle bouncing while shaking your whole body, 1 minute | Gradually slow down the shaking | Stand still and notice the energy shift | Take 5 deep breaths"
Stress Reduction,MEDIUM,6,Affirmation Practice,5 minutes,Reprogram stress with positive statements,Sit comfortably with eyes closed or soft | Choose an affirmation like 'I am calm and capable' | Repeat it slowly 20-25 times | Sync your affirmation with your breathing | Feel the truth of the statement in your body | Choose another affirmation and repeat | End with your favorite affirmation 5 times
Stress Reduction,MEDIUM,7,Jaw and Face Tension Release,5 minutes,Release stored tension in facial muscles,"Make exaggerated facial expressions - open mouth wide and hold 5 seconds | Scrunch your face tightly and hold 5 seconds | Relax and smile broadly | Use fingertips to massage your temples in circles, 1 minute | Massage your jawline from chin to ears | Gently massage your forehead | Notice the lightness in your face"
Stress Reduction,MEDIUM,8,Nature Visualization,5 minutes,Transport yourself to a peaceful natural setting,"Close your eyes and imagine a peaceful place in nature | Visualize every detail - colors, textures, sounds | Imagine the temperature and air on your skin | Breathe in the fresh air of this place | Feel completely safe and at peace | Spend time exploring this sanctuary | Know you can return anytime"
Stress Reduction,MEDIUM,9,Arm and Leg Extension,5 minutes,Release tension through extended stretching,"Stand or sit with good posture | Extend both arms forward and hold for 15 seconds | Extend them to the sides and hold 15 seconds | Reach arms up and back gently for 15 seconds | In a seated position, extend legs and flex toes for 20 seconds | Point toes away for 20 seconds | Do leg lifts, hold each leg up for 10 seconds"
Stress Reduction,MEDIUM,10,Stress Story Reframe,5 minutes,Change your perspective on stress,Identify a stressful situation you're dealing with | Write or mentally note the facts of the situation | Reframe it as a challenge or opportunity | Think of how you've overcome similar challenges | Identify what strength or skill you'll use | Create a new empowering narrative | Feel the shift in how you perceive the situation
Stress Reduction,MEDIUM,11,Alternating Nostril Breathing,5 minutes,Balance both sides of your nervous system,"Sit comfortably with spine straight | Use your thumb to close your right nostril | Inhale through left nostril for 4 counts | Close left nostril, exhale through right for 4 counts | Inhale through right, exhale through left | Continue alternating for 5 minutes | End with both nostrils, take 3 deep breaths"
Stress Reduction,MEDIUM,12,Tension Tapping,5 minutes,Use tapping to release blocked emotions,"Identify where you hold tension in your body | Gently tap on that area with your fingertips, 10-15 taps | Move to different tension points | Tap on your chest over your heart, 30 seconds | Tap on your upper back, 30 seconds | Increase intensity as feels good | End with gentle stroking on the tapped areas"
Stress Reduction,MEDIUM,13,Power Pose Hold,5 minutes,Use body posture to build confidence and reduce stress,"Stand with feet wide apart, hands on hips | Breathe deeply and hold this powerful pose for 2 minutes | Feel the strength and confidence building | Switch to reaching both arms up overhead, feet grounded | Hold for 2 minutes while breathing deeply | End with hands in prayer position over heart | Notice the calm confidence you've built"
Stress Reduction,MEDIUM,14,Sensory Grounding,5 minutes,Engage all senses to ground in the present,Notice 5 specific things you can see around you | Notice 4 specific things you can physically feel | Notice 3 specific sounds you can hear | Notice 2 specific smells (real or imagined) | Notice 1 specific taste in your mouth | Go through the senses again more slowly | Feel fully present and grounded
Stress Reduction,MEDIUM,15,Loving-Kindness Meditation,5 minutes,Cultivate compassion to dissolve stress,"Sit comfortably and bring yourself to mind | Say 'May I be happy, healthy, and at peace' 5 times | Bring someone you love to mind and repeat for them | Bring a neutral person to mind and repeat | Bring someone difficult to mind and repeat with compassion | Extend wishes to all beings | Feel the warmth and openness in your heart"
Stress Reduction,HIGH,1,Fast-Paced Breathwork,5 minutes,Activate parasympathetic response through dynamic breathing,"Stand with feet grounded, knees slightly bent | Practice Breath of Fire: rapid belly breathing, 10 seconds | Return to normal breathing for 20 seconds | Repeat the rapid breathing pattern 5 times | Transition to slow, deep breathing, 1 minute | Notice the dramatic shift in your energy | End with 5 minutes of steady, calm breathing"
Stress Reduction,HIGH,2,Vigorous Movement Release,5 minutes,Burn off stress energy through intense movement,"Stand in open space with room to move | Do jumping jacks for 45 seconds at full intensity | Do high knees in place for 45 seconds | Do burpees (squat, jump, land) for 45 seconds | Dance freely and wildly for 1 minute | Gradually slow down over 30 seconds | End with deep breathing and grounding"
Stress Reduction,HIGH,3,Stress Purging Scream,5 minutes,Release tension through vocalization,"Find a private place where you can make noise | Take a deep breath and release with a loud, primal scream | Let all tension out through your voice | Repeat 5-10 times with full force | Transition to making other vocal sounds - roaring, growling | Gradually soften your sounds | End with humming and deep breathing"
Stress Reduction,HIGH,4,High-Intensity Interval Breathing,5 minutes,Combine movement and structured breathing,"Do 30 seconds of jumping jacks while breathing normally | Stop and do 30 seconds of slow, deep breathing | Do 30 seconds of running in place while panting forcefully | Stop and do 30 seconds of recovery breathing | Do 30 seconds of mountain climbers | Stop and breathe deeply for 1 minute | Repeat the cycle once more"
Stress Reduction,HIGH,5,Aggressive Visualization,5 minutes,Mentally release stress through powerful imagery,"Visualize your stress as a color or object | Imagine yourself hitting, destroying, or dissolving it | Use all your mental energy to visualize complete destruction | Watch it transform into light and dissolve | Visualize yourself standing victorious and powerful | Feel the sense of relief and control | Return to normal consciousness"
Stress Reduction,HIGH,6,Cold Water Shock,5 minutes,Use cold water to reset your nervous system,"Run cold water on your wrists for 30 seconds | Splash cold water on your face, gasping intentionally | Plunge hands in cold water for 1 minute | Practice controlled breathing through the cold sensation | Notice the activation and then calming of your nervous system | Gradually warm your hands and face with warm water | Notice the contrast and relaxation response"
Stress Reduction,HIGH,7,Intense Stretching Circuit,5 minutes,Push beyond comfort zone with deep stretches,"Do a deep forward fold, reaching for toes, hold 45 seconds | Do a deep lunge on each side, 45 seconds each | Do a deep twist, pulling your torso, 45 seconds each side | Do a deep backbend, 45 seconds | Do a deep pigeon pose or hip opener, 45 seconds each side | Return to forward fold and breathe deeply | Gradually ease out of stretches"
Stress Reduction,HIGH,8,Power Walking Meditation,5 minutes,Fast-paced mindful movement,"Walk at a brisk pace, maintaining awareness | Feel each powerful step on the ground | Sync your breathing with your steps | Feel the strength in your legs and core | Channel any angry or intense emotion into your walk | Gradually slow your pace over the last minute | Return to normal state with controlled breathing"
Stress Reduction,HIGH,9,Intense Core Work,5 minutes,Build strength and release tension simultaneously,"Do 45 seconds of planks, holding strong position | Do 45 seconds of side planks (each side) | Do 45 seconds of high knees or running in place | Do 45 seconds of mountain climbers | Rest for 30 seconds with controlled breathing | Repeat the sequence once more | Shake out your body and breathe deeply"
Stress Reduction,HIGH,10,Rapid-Fire Affirmations,5 minutes,Build momentum with powerful statements,"Stand with energy and power in your stance | Rapid-fire speak affirmations: 'I am strong, I am capable, I am resilient' | Increase the intensity and speed of your delivery | Add physical gestures - pointing, fist pumping | Transition to slower, more intentional affirmations | Feel the power you've built within you | Take 3 deep, grounding breaths"
Stress Reduction,HIGH,11,Intense Yoga Flow,5 minutes,Dynamic flow that channels stress into movement,"Sun salutation A, flowing quickly, 1.5 minutes | Warrior poses (I, II, III) on each side, 1.5 minutes | Transition to downward dog and push-ups, 1 minute | Hold plank pose for 30 seconds | Return to child's pose for final 30 seconds of breathing | Slowly rise and feel the shift in your energy | Notice the calm after the intensity"
Stress Reduction,HIGH,12,Resistance Band Stress Release,5 minutes,Channel tension into strength building,"Use a resistance band or rope | Do bicep curls with intensity, 30 seconds | Do overhead presses with force, 30 seconds | Do lateral band walks with power, 30 seconds | Do band rows explosively, 30 seconds | Rest and breathe, 1 minute | Repeat the circuit at slightly reduced intensity"
Stress Reduction,HIGH,13,Punching Bag Release,5 minutes,Physically release stress through punching,"Stand in front of a punching bag or pillow | Punch with controlled intensity for 1 minute | Vary punch combinations - jabs, crosses, hooks | Increase intensity for 30 seconds at full power | Slow down your punches over next minute | Return to normal breathing and pace | Notice the release of pent-up energy"
Stress Reduction,HIGH,14,Explosive Movement Circuit,5 minutes,High-intensity bursts to discharge stress,Do 30 seconds of burpees at maximum intensity | Rest 15 seconds | Do 30 seconds of box jumps or jumping lunges | Rest 15 seconds | Do 30 seconds of jump rope or high knees | Rest for 1 minute with deep breathing | Do one final 30-second max effort round
Stress Reduction,HIGH,15,Warrior Mind Meditation,5 minutes,Build mental strength to face stress,"Sit in powerful, upright posture | Visualize yourself as a warrior facing challenges | Feel the strength and courage within you | Repeat: 'I face my challenges with courage and strength' | Visualize yourself overcoming obstacles | Feel the warrior energy throughout your body | Rise from meditation with renewed confidence"
Increased Energy,LOW,1,Gentle Morning Stretch,5 minutes,Gradually awaken your body with light stretching,"Sit or lie down and take 5 deep breaths | Gently reach your arms overhead and stretch | Roll your neck slowly, 5 times each direction | Reach toward your toes gently | Rotate your torso slowly, 5 times each side | Circle your shoulders backward 5 times | Stand slowly and feel the gentle awakening"
Increased Energy,LOW,2,Slow Walk Activation,5 minutes,Gentle movement to get blood flowing,"Start with very slow, deliberate walking | Gradually increase pace over 1 minute | Swing your arms gently with each step | Focus on deep, rhythmic breathing | Walk for 3 minutes at a comfortable pace | Gradually slow down over the last minute | Notice the awakening throughout your body"
Increased Energy,LOW,3,Hydration & Breathing Ritual,5 minutes,Rehydrate and energize through breath,"Drink a glass of water slowly over 1 minute | Stand with feet shoulder-width apart | Take 10 deep cleansing breaths, emphasizing exhales | Feel the water and oxygen energizing your cells | Shake your hands and feet gently | Feel the tingling sensation of activation | Notice your energy level rising"
Increased Energy,LOW,4,Gentle Arm Circles,5 minutes,Build energy through arm movement,"Stand with feet shoulder-width apart | Make small circles with your arms forward, 1 minute | Make small circles with your arms backward, 1 minute | Gradually increase the size of circles | Do large circles forward for 1 minute | Do large circles backward for 1 minute | End with arms stretched out and take deep breaths"
Increased Energy,LOW,5,Positive Affirmation Boost,5 minutes,Mental energy lift with positive thoughts,"Sit comfortably with good posture | Choose an energizing affirmation like 'I am full of energy' | Repeat it slowly 15 times | With each repetition, feel the energy building | Choose another affirmation and repeat 15 times | Stand and repeat a final affirmation 10 times | Feel the mental energy shift within you"
Increased Energy,LOW,6,Sunlight Exposure Ritual,5 minutes,Natural light to activate circadian rhythm,Go outside or stand near a window | Let sunlight hit your face for 1-2 minutes | Blink naturally and soak in the light | Take deep breaths of fresh air | Notice the natural energizing effect | Do gentle stretches in the sunlight | End by feeling naturally more awake
Increased Energy,LOW,7,Seated Spinal Twist,5 minutes,Gentle twists to energize your spine,"Sit upright with legs extended | Bend your right knee and place foot outside left knee | Slowly twist to the right, hold for 30 seconds | Release and return to center | Repeat on the left side for 30 seconds | Do 3 rounds of this gentle twisting | Notice the energizing sensation through your spine"
Increased Energy,LOW,8,Toe Touch Awakening,5 minutes,Forward bend with finger taps to energize,"Stand with feet hip-width apart | Slowly fold forward, letting arms hang | Gently tap the top of your head, 20 times | Slowly tap down your spine toward lower back | Let your body hang loose for 30 seconds | Slowly roll up vertebra by vertebra | Feel the energy rush from inversion"
Increased Energy,LOW,9,Subtle Movement Flow,5 minutes,Slow flowing movements to build energy,"Stand with feet together | Slowly raise arms to sides and up overhead, take 5 seconds | Slowly lower arms back down, take 5 seconds | Repeat this movement 10 times | Add a gentle sway side to side | Gradually increase the fluidity | Feel the graceful energy building"
Increased Energy,LOW,10,Mindful Morning Sip,5 minutes,Awakening ritual with warm beverage,"Prepare a warm beverage (tea, coffee, or warm water) | Sit comfortably and hold the warm cup | Feel the warmth in your hands | Smell the aroma deeply, 5 times | Take small, intentional sips | Notice the warmth spreading through your body | Feel naturally energized and ready"
Increased Energy,LOW,11,Shoulder Shrug Release,5 minutes,Release stiffness and activate shoulders,"Sit or stand with good posture | Slowly shrug shoulders up to ears, hold 3 seconds | Release and drop shoulders down | Repeat 20 times slowly and intentionally | Add a gentle roll at the bottom of each shrug | Gradually increase the range and speed | Feel the energy and ease in your shoulders"
Increased Energy,LOW,12,Cross-Body Reach,5 minutes,Gentle stretching to awaken muscles,"Stand with feet hip-width apart | Reach right arm across your body to left side | Gently pull with left hand, hold 30 seconds | Release and reach left arm across | Gently pull with right hand, hold 30 seconds | Repeat this sequence 3 more times | Notice the awakening through your chest and arms"
Increased Energy,LOW,13,Seated Head Movements,5 minutes,Gentle neck movements to awaken,"Sit upright with good posture | Slowly turn your head left, hold 20 seconds | Return to center and turn right, hold 20 seconds | Slowly tilt head left, hold 20 seconds | Tilt head right, hold 20 seconds | Do gentle forward and backward tilts | Feel the awakening through your entire head and neck"
Increased Energy,LOW,14,Gentle Bouncing,5 minutes,Light movement to activate circulation,Stand with feet shoulder-width apart | Gently bounce up and down on the balls of your feet | Keep movement subtle and rhythmic | Add gentle arm swings with the bouncing | Continue for 3 minutes | Gradually reduce bouncing speed | Stand still and feel the circulation activation
Increased Energy,LOW,15,Energy Visualization,5 minutes,Mental imagery for energy boost,"Sit or lie comfortably | Visualize bright, golden energy entering through the top of your head | See this energy flowing through your entire body | Watch it fill you with light and vitality | Feel the energy strengthening every cell | Spend 1 minute in this energized state | Open eyes feeling refreshed and energized"
Increased Energy,MEDIUM,1,Dynamic Cardio Burst,5 minutes,Moderate-intensity cardio for sustained energy,Do 1 minute of jogging in place at moderate pace | Do 30 seconds of high knees | Do 30 seconds of high-energy marching | Do 1 minute of jumping jacks at steady pace | Do 30 seconds of butt kicks | Do 1 minute of jogging in place | End with 30 seconds of controlled breathing
Increased Energy,MEDIUM,2,Energizing Yoga Flow,5 minutes,Flowing poses for mental and physical energy,"Do 5 sun salutation A flows, moderate pace | Hold warrior pose I on each side, 20 seconds | Do warrior pose II on each side, 20 seconds | Do mountain pose with arms overhead, 20 seconds | Flow into child's pose and rest for 30 seconds | Return to standing with arms raised | Feel the energy surge through your body"
Increased Energy,MEDIUM,3,Staircase Circuit,5 minutes,Build energy through resistance movement,Do 45 seconds of step-ups (use stairs or bench) | Rest 15 seconds | Do 45 seconds of walking lunges | Rest 15 seconds | Do 45 seconds of squat pulses | Rest 15 seconds | Do final 45 seconds combining all movements
Increased Energy,MEDIUM,4,Uplifting Music Dance,5 minutes,Dance to your favorite energetic music,Put on your favorite uplifting song | Dance freely for the first 2 minutes | Gradually increase intensity and movement | Engage your whole body in the dance | Use larger movements and higher energy | Gradually wind down in the final 1 minute | Feel the natural energy boost from movement and music
Increased Energy,MEDIUM,5,Breathing Energizer,5 minutes,Structured breathing to increase alertness,"Sit upright with good posture | Do 20 rounds of Breath of Fire (rapid belly breathing) | Return to normal breathing for 20 seconds | Take 10 deep, energizing breaths | Repeat the rapid breathing pattern 20 times | End with 20 seconds of normal breathing | Notice the mental clarity and energy boost"
Increased Energy,MEDIUM,6,Power Jump Session,5 minutes,High-energy jumping to activate muscles,Do 45 seconds of jump rope or jumping in place | Rest 15 seconds with light bouncing | Do 45 seconds of split jumps or alternating leg jumps | Rest 15 seconds | Do 45 seconds of double jumps | Rest 15 seconds | Do final 45 seconds at maximum comfortable intensity
Increased Energy,MEDIUM,7,Invigorating Cold Shower,5 minutes,Cold water activation for instant energy,"Start with warm water, gradually turn temperature cool | Let cool water run on your arms and legs first | Gradually move to cooler temperatures | Splash face with cool water, take controlled breaths | End with 30 seconds of warm water to balance | Dry off and notice the immediate energy boost | Feel alert and invigorated"
Increased Energy,MEDIUM,8,Power Stance Energy,5 minutes,Use power poses to build confidence and energy,"Stand with feet wide, hands on hips, 1 minute | Switch to standing with arms raised above head, 1 minute | Do power jumps with arms raised, 1 minute | Return to hands on hips stance, 1 minute | Add vocal affirmations like 'I am powerful and energized' | Feel the surge of energy and confidence | Maintain this powerful posture"
Increased Energy,MEDIUM,9,Speed Walking Meditation,5 minutes,Brisk mindful walking with energy building,"Walk at a brisk pace, faster than normal | Feel your heartbeat increasing | Sync your breathing with your pace | Pump your arms in rhythm with walking | Maintain this pace for 3 minutes | Gradually slow to normal pace in final 2 minutes | Notice the sustained energy boost"
Increased Energy,MEDIUM,10,Energizing Mantra,5 minutes,Powerful affirmations to boost mental energy,Stand with confident posture | Choose an energizing mantra like 'I am strong and capable' | Repeat it 25 times with increasing intensity | Add physical movements like fist pumping | Choose another empowering mantra | Repeat it 25 times with full conviction | Feel the mental energy and confidence surge
Increased Energy,MEDIUM,11,Interval Training Sprint,5 minutes,Alternating high and moderate intensity,"Do 30 seconds of slow, easy movement | Burst into 30 seconds of high-intensity movement | Return to 30 seconds of easy movement | Repeat this pattern for the full 5 minutes | Make sure to have at least 4 bursts of high intensity | End with 30 seconds of easy movement | Notice the energized state your body is in"
Increased Energy,MEDIUM,12,Tension Release & Energy Flow,5 minutes,Release blockages and restore energy flow,Do 1 minute of shaking your whole body | Do 1 minute of dynamic stretching movements | Do 1 minute of flowing movements like tai chi | Do 1 minute of power movements like punching | Do 1 minute of deep breathing and energy visualization | Feel the free flow of energy through your body | Stand with arms raised and feel the vitality
Increased Energy,MEDIUM,13,Moderate-Paced Cycling,5 minutes,Stationary bike for consistent energy boost,Start pedaling at an easy pace for 1 minute | Increase to moderate pace for 2 minutes | Increase resistance slightly and maintain for 1 minute | Return to easy pace for final 1 minute | Feel your heart rate and energy increasing | Notice improved circulation and alertness | Cool down with calm breathing
Increased Energy,MEDIUM,14,Team Sport Energy,5 minutes,Quick game session for social energy boost,Find a partner for a quick game like ping pong or badminton | Play with moderate-to-high energy for 4 minutes | Focus on fun and engagement rather than winning | Use quick movements and strategic thinking | Rest for 1 minute at the end | Feel the boost from social interaction and movement | Notice sustained energy from engagement
Increased Energy,MEDIUM,15,Gratitude Energy Shift,5 minutes,Shift mental state to boost energy through gratitude,"Stand with good posture and smile gently | Think of 3 things you're grateful for | For each, spend 1 minute reflecting on the gratitude | Feel the shift in your emotional state | Notice how gratitude creates natural energy | Take 3 deep breaths with this elevated state | Carry this energy forward into your day"
Increased Energy,HIGH,1,HIIT Workout Extreme,5 minutes,High-intensity interval training for maximum energy,Do 40 seconds of burpees at maximum intensity | Rest 20 seconds with controlled breathing | Do 40 seconds of jump squats at full power | Rest 20 seconds | Do 40 seconds of mountain climbers at maximum speed | Rest 20 seconds | Do final 40 seconds combining all movements at full intensity
Increased Energy,HIGH,2,Intense Circuit Training,5 minutes,Back-to-back high-intensity exercises,Do 30 seconds of push-ups at maximum pace | Do 30 seconds of high knees running in place | Do 30 seconds of sit-ups or crunches | Do 30 seconds of jump lunges | Do 30 seconds of plank hold with tremors | Do 30 seconds of box jumps or vertical jumps | Do final 30 seconds of the most challenging exercise
Increased Energy,HIGH,3,Sprint Intervals,5 minutes,All-out sprinting for maximum cardiovascular boost,"Do 30 seconds of sprinting at full speed | Walk and recover for 20 seconds with deep breathing | Repeat the sprint-recovery pattern 6 more times | On the final sprint, push at absolute maximum effort | Walk and recover for 1 minute with controlled breathing | Feel the massive energy surge and elevated heart rate | Take deep breaths to integrate the energy"
Increased Energy,HIGH,4,Combat Sport Simulation,5 minutes,High-energy martial arts movements,Do 1 minute of fast punching combinations | Do 1 minute of fast kicking combinations | Do 1 minute of defensive movements and dodging | Do 1 minute of aggressive striking at maximum speed | Do final 1 minute combining all movements | Notice the warrior energy awakening | Feel primed and powerful
Increased Energy,HIGH,5,Plyometric Power Circuit,5 minutes,Explosive jumping movements for peak energy,Do 45 seconds of box jumps at full power | Rest 15 seconds | Do 45 seconds of clapping push-ups explosively | Rest 15 seconds | Do 45 seconds of explosive lunges | Rest 15 seconds | Do final 45 seconds of maximum intensity jumping
Increased Energy,HIGH,6,Full-Body Power Activation,5 minutes,Rapid-fire movements engaging entire body,"Stand with feet shoulder-width apart | Rapid arm circles while doing squats, 45 seconds | Jumping jacks combined with arm punches, 45 seconds | Burpees with speed and power, 45 seconds | Mountain climbers at maximum speed, 45 seconds | Dead lift movements with explosive power, 45 seconds | Final 30 seconds: choose your most energizing movement"
Increased Energy,HIGH,7,Aggressive Affirmation Power,5 minutes,High-energy affirmations with intense movement,"Stand in power stance and shout affirmations rapidly | Combine with powerful arm movements and jumps | Repeat: 'I am unstoppable, I am powerful, I am ready' 50+ times | Increase volume and intensity of your voice | Add aggressive gestures and movements | Build to a crescendo of energy and power | Take a final victory stance with raised arms"
Increased Energy,HIGH,8,Speed Rope Training,5 minutes,Ultra-fast jump rope for maximum energy,Do 1 minute of fast jump rope at sustainable pace | Do 30 seconds of double-unders (rope passes twice per jump) | Do 1 minute of regular speed again | Do 30 seconds of highest possible speed sprinting | Do 1 minute at challenging but sustainable pace | End with final 30 seconds at maximum intensity | Notice the extreme energy activation
Increased Energy,HIGH,9,Strongman Movements,5 minutes,Power-based movements for explosive energy,Do 45 seconds of heavy deadlift movements | Do 45 seconds of explosive tire flips or equivalent | Do 45 seconds of farmer's carry walking with intensity | Do 45 seconds of overhead press movements with power | Do 45 seconds of pushing movements against resistance | Do final 45 seconds combining all movements | Feel the primal power energy flowing
Increased Energy,HIGH,10,Extreme Energy Breathing,5 minutes,Intense pranayama for maximum mental activation,"Do 30 rounds of Breath of Fire (rapid belly breathing) | Take 5 normal breaths to recover | Do 30 more rounds of rapid breathing | Take 5 normal breaths | Do final 30 rounds at maximum intensity | Take deep, grounding breaths for 30 seconds | Notice the extreme mental clarity and energy"
Increased Energy,HIGH,11,Competitive Sport Burst,5 minutes,High-intensity competitive activity,"Engage in a competitive sport at full intensity for 5 minutes | Examples: basketball, soccer, tennis, racquetball | Push yourself at maximum competitive level | Use strategic thinking combined with physical intensity | Feed off the competitive energy | Notice the natural adrenaline surge | Feel the extreme activation and power"
Increased Energy,HIGH,12,Extreme Resistance Training,5 minutes,Heavy lifting movements for power energy,"Use weights or resistance at challenging level | Do compound movements: squats, deadlifts, presses | Do 45 seconds maximum effort on each movement | Rest 15 seconds between movements | Complete 5 different compound movements | Final 30 seconds: all-out effort on your strongest movement | Feel the explosive power generated"
Increased Energy,HIGH,13,Parkour Energy Flow,5 minutes,Dynamic movement overcoming obstacles,"Find a safe area with obstacles (stairs, benches, etc.) | Jump, climb, and move over obstacles for full 5 minutes | Maintain high intensity and creativity | Challenge yourself with difficult movements | Flow from one obstacle to the next | Push your physical capabilities | Feel the adrenaline and peak energy"
Increased Energy,HIGH,14,Intense Music Power Dance,5 minutes,Maximum-intensity dance to uplifting music,"Choose the most energetic music you love | Dance with explosive movements for full 5 minutes | Engage your entire body with power | Make large, forceful movements | Increase intensity throughout the session | Let the music fuel your movement | Feel unstoppable energy and freedom"
Increased Energy,HIGH,15,Victory Mindset Activation,5 minutes,Mental preparation for peak performance,"Stand in a powerful stance with chest open | Visualize yourself achieving a major goal | Feel the victory and accomplishment | Repeat victory affirmations loudly and powerfully | Do power movements that match the feeling | Punch the air, jump, and express the victory feeling | Emerge with unstoppable confidence and energy"
Better Sleep,LOW,1,Progressive Body Relaxation,5 minutes,Systematic muscle relaxation for sleep preparation,"Lie in bed or on a comfortable surface | Starting from your feet, tense muscles for 3 seconds | Release and notice the relaxation | Progress slowly upward: calves, thighs, glutes, abs | Continue through chest, arms, and head | End with facial muscles completely relaxed | Drift into deep relaxation and sleep"
Better Sleep,LOW,2,Gentle Bedtime Stretch,5 minutes,Light stretching to prepare body for sleep,"Lie in bed with legs extended | Gently point and flex your toes, 10 times | Hug knees to chest and hold for 20 seconds | Spinal twist: pull right knee across body, hold 20 seconds | Repeat on left side for 20 seconds | Extend both legs and do final relaxation stretch | Settle into sleep-ready position"
Better Sleep,LOW,3,Sleep Breathing Pattern,5 minutes,Calming breathing to induce sleep,Lie comfortably in bed | Inhale slowly through nose for 4 counts | Hold briefly for 2 counts | Exhale slowly through mouth for 6 counts | Pause for 2 counts | Repeat this pattern 10-15 times | Allow yourself to drift into sleep
Better Sleep,LOW,4,Guided Body Scan,5 minutes,Systematic awareness moving toward sleep,"Lie comfortably in bed with eyes closed | Mentally scan from your toes upward | Release any tension with each area you pass | Spend 20-30 seconds on each body section | Move slowly: feet, legs, torso, arms, head | End by visualizing your whole body relaxed | Allow sleep to come naturally"
Better Sleep,LOW,5,Sleep Affirmations,5 minutes,Positive statements to prepare mind for sleep,"Lie in bed and take 3 deep breaths | Repeat silently: 'I am ready for deep, restorative sleep' | Repeat 10 times slowly and deliberately | Add: 'My body is heavy and relaxed' | Repeat this 10 times | Finish with: 'I am drifting into peaceful sleep' | Let yourself drift off"
Better Sleep,LOW,6,Warm Bath Ritual,5 minutes,Temperature transition for sleep readiness,"Run a warm bath before bed | Soak for 5 minutes in warm water | Feel the warmth relaxing your muscles | Take slow, deep breaths | Allow your body temperature to rise | Exit the bath and cool down naturally | This temperature drop triggers sleep response"
Better Sleep,LOW,7,Gentle Neck & Shoulder Release,5 minutes,Release upper body tension before sleep,"Sit upright at edge of bed or in chair | Slowly roll shoulders backward, 5 times | Slowly roll shoulders forward, 5 times | Gently tilt head left, hold 20 seconds | Tilt head right, hold 20 seconds | Look over each shoulder slowly | Lie back and feel completely relaxed"
Better Sleep,LOW,8,White Noise Focus,5 minutes,Use sound to quiet the mind,"Play gentle white noise, rainfall, or ocean sounds | Lie in bed and focus your attention on the sound | Let the sound occupy your mental space | Don't try to sleep, just listen | Allow thoughts to drift away naturally | Feel your body becoming heavier | Drift off listening to the soothing sound"
Better Sleep,LOW,9,Counting Down Visualization,5 minutes,Mental focus technique for sleep onset,"Lie in bed and close your eyes | Visualize the number 10 clearly in your mind | See it fading slowly as you mentally say 'relax' | Move to 9, 8, 7, continuing downward | Spend about 20-30 seconds on each number | By number 1, allow yourself to drift into sleep | Don't force, just let it happen naturally"
Better Sleep,LOW,10,Peaceful Place Journey,5 minutes,Mental travel to relaxing location,"Visualize a peaceful place you find relaxing | Beach, forest, mountains, or anywhere calming | Engage all senses in this visualization | Feel the air, see the colors, hear the sounds | Spend time peacefully in this place | Feel completely safe and relaxed | Allow this peaceful feeling to guide you to sleep"
Better Sleep,LOW,11,Lavender Aromatherapy,5 minutes,Use scent to prepare for sleep,Place lavender essential oil or lavender sachet near your bed | Lie down and breathe in the calming scent | Focus on how the scent makes you feel | Breathe deeply and let the aroma calm you | Continue for 5 minutes | The calming scent will support sleep onset | Turn off lights and drift off
Better Sleep,LOW,12,Leg Elevation Relaxation,5 minutes,Comfortable positioning to aid sleep,"Lie on back with legs elevated on a pillow | This position reduces physical tension | Focus on the comfort of this position | Take slow, deep breaths | Let your body settle into the mattress | Feel heaviness spreading through your body | Maintain this comfortable position for sleep"
Better Sleep,LOW,13,Mindful Muscle Awareness,5 minutes,Gentle attention to physical sensations,"Lie in bed and focus on one body part at a time | Notice any sensations without judgment | Mentally acknowledge: 'My feet are relaxed' | Move through each body part this way | Speak silently to each area with appreciation | By the end, your body will feel completely relaxed | Drift into sleep naturally"
Better Sleep,LOW,14,Gentle Back Rub,5 minutes,Self-massage to aid relaxation and sleep,"Lie on your side or have someone gently rub your back | Use slow, gentle strokes from shoulders to lower back | Focus on relaxing each muscle as you touch it | Include circular motions on tight areas | Continue for full 5 minutes | Notice the deep relaxation spreading | Lie in this relaxed state and sleep"
Better Sleep,LOW,15,Twilight Hour Meditation,5 minutes,Meditation in the space between wake and sleep,"Lie comfortably as day turns to night | Don't try to meditate, simply observe | Watch thoughts arise and pass naturally | Don't engage with the thoughts | Remain in this twilight state of awareness | Allow consciousness to gradually fade | Transition naturally into sleep"
Better Sleep,MEDIUM,1,Active Relaxation Flow,5 minutes,Gentle movement followed by deep relaxation,"Do very light stretching for 2 minutes | Gentle forward folds, side stretches, twists | Transition to floor and assume reclined position | Use Progressive Muscle Relaxation for remaining 3 minutes | Systematically relax each muscle group | Feel the transition from movement to stillness | Remain in relaxed state as you sleep"
Better Sleep,MEDIUM,2,Evening Yoga Flow,5 minutes,Calming yoga poses for sleep preparation,"Start in child's pose for 30 seconds | Move into cat-cow pose, 30 seconds | Thread-the-needle pose each side, 45 seconds | Supported bridge pose, 45 seconds | Legs-up-the-wall pose, 2 minutes | Return to child's pose | Lie flat for final rest"
Better Sleep,MEDIUM,3,Narrative Sleep Story,5 minutes,Mental storytelling to guide toward sleep,"Lie in bed and create a boring mental story | Make it repetitive, peaceful, and uneventful | Example: describing a long walk through nature | Include sensory details to engage your mind fully | As the story progresses, mentally become sleepy | The mind grows tired of the story | Allow sleep to come as you stop narrating"
Better Sleep,MEDIUM,4,4-7-8 Breathing Technique,5 minutes,Medical breathing technique specifically for sleep,"Lie in bed and close your eyes | Inhale through nose for 4 counts | Hold breath for 7 counts | Exhale through mouth for 8 counts | Repeat this pattern 8 times | By the end, significant drowsiness will occur | Maintain this pattern and drift to sleep"
Better Sleep,MEDIUM,5,Chakra Balancing Meditation,5 minutes,Energy center balancing for sleep wellness,"Lie down and visualize a red light at your root | Visualize it transforming to calming colors: orange, yellow, green | Continue upward: blue at throat, indigo at third eye, violet at crown | Each color brings deeper relaxation | Hold on the violet light at the crown | Feel deeply balanced and ready for sleep | Drift off in this balanced state"
Better Sleep,MEDIUM,6,Cognitive Shuffle,5 minutes,Random mental imagery to stop racing thoughts,"Lie in bed and think of random objects | Don't create stories, just random images | Visualize: a shoe, then a tree, then a book, etc. | Switch images every 3-5 seconds | The random nature prevents meaningful thought | Your mind gradually becomes too tired to continue | Sleep naturally follows"
Better Sleep,MEDIUM,7,Timed Gratitude Practice,5 minutes,Gratitude meditation transitioning to sleep,"Lie in bed and think of 10 things you're grateful for | Spend about 20-30 seconds on each | Really feel the gratitude and appreciation | Notice how gratitude brings peace | By the end, your mind is calm and settled | Your heart is open and peaceful | Drift off in this peaceful gratitude state"
Better Sleep,MEDIUM,8,Progressive Heaviness Induction,5 minutes,Autogenic suggestion for sleep induction,"Lie comfortably and repeat: 'My feet are heavy and warm' | Move upward through body: 'My legs are heavy,' etc. | Spend about 30 seconds on each suggestion | By the time you reach your head, your body feels heavy | The heaviness pulls you toward sleep | Continue suggesting heaviness | Let yourself sink into sleep"
Better Sleep,MEDIUM,9,Gentle Humming Sound,5 minutes,Soothing vibrations for sleep onset,Lie comfortably in bed | Take a deep breath and hum gently as you exhale | The vibration is soothing and calming | Continue for about 5-10 second exhales | The vibration creates relaxation waves | Gradually slow the humming down | Stop and notice the peaceful silence
Better Sleep,MEDIUM,10,Temperature Awareness Practice,5 minutes,Body temperature perception for sleep prep,"Lie under your blankets and focus on temperature | Notice how the blanket warms your body | Feel the increasing comfort and coziness | This triggers the body's natural sleep response | Breathing naturally slows and deepens | Feel completely warm, safe, and ready for sleep | Allow sleep to come naturally"
Better Sleep,MEDIUM,11,Hypnagogic Visualization,5 minutes,Guided journey through hypnagogic state,"Lie in bed and visualize descending stairs | You're going deeper with each step | Imagine each step takes you deeper into relaxation | By 10 steps, you're very deep and relaxed | Continue down a long hallway | Each step brings you closer to sleep | Allow yourself to drift off"
Better Sleep,MEDIUM,12,Bilateral Stimulation Relaxation,5 minutes,Alternate side awareness for balance and sleep,Lie down and focus on your left side | Feel the left side becoming heavy and relaxed | Switch focus to your right side | Feel the right side becoming heavy and relaxed | Continue alternating every 20-30 seconds | The bilateral awareness creates balance | Sleep comes more easily in this balanced state
Better Sleep,MEDIUM,13,Mantra Repetition Sleep,5 minutes,Repetitive mental phrase for sleep onset,"Choose a simple mantra: 'Sleep, peace, rest' | Repeat it slowly and continuously | Sync with your breathing pattern | Don't force, let it flow naturally | The repetition occupies your mind | Thoughts gradually fade | Sleep takes over"
Better Sleep,MEDIUM,14,Weighted Blanket Simulation,5 minutes,Deep pressure simulation without weighted blanket,Lie under regular blankets or use a few extra layers | Let the weight settle on your body | Feel the gentle pressure | Deep pressure triggers the parasympathetic response | Your body naturally prepares for sleep | Continue focusing on the pressure sensation | Drift off feeling secure and held
Better Sleep,MEDIUM,15,Sleep Onset Alert Technique,5 minutes,Paradoxical technique using intention reversal,Lie in bed and tell yourself: 'I will stay awake' | Try to keep your eyes open | The paradox works: your body wants to sleep | Your eyelids become heavy despite your intention | Your mind grows foggy | Fighting sleep often leads to faster sleep onset | Stop resisting and drift off
Better Sleep,HIGH,1,Intense Evening Workout,5 minutes,High-intensity exercise early evening to prepare for sleep,"Do 1 minute of burpees or high-intensity cardio | Do 1 minute of strength movements | Do 1 minute of intense cardio bursts | Do 1 minute of full-body movements | Do final 1 minute at maximum intensity | The exhaustion will make sleep much easier | By bedtime, your body will desperately need sleep"
Better Sleep,HIGH,2,Sauna & Cold Plunge Protocol,5 minutes,Temperature extremes followed by deep sleep,"Spend 2-3 minutes in a hot sauna (optional: or hot shower) | This raises your core body temperature | Exit and cool down naturally in room temperature | The body's natural cooling triggers deep sleep | Your body is primed for maximum sleep recovery | Go to bed immediately after cooling | Expect very deep, restorative sleep"
Better Sleep,HIGH,3,Strenuous Hike or Run,5 minutes,Physical exhaustion for powerful sleep onset,Do a 5-minute intense run or trail hike | Push yourself to breathlessness | Challenge your body physically | The extreme physical fatigue will trigger deep sleep | Your body will demand recovery | Sleep will be immediate and deep | Experience highly restorative sleep
Better Sleep,HIGH,4,Aggressive Nervous System Release,5 minutes,Release trapped stress for deep sleep,"Do intense shaking and tremoring movements | Release all pent-up stress and tension | Shake your entire body with force | Allow emotional release if it comes | By the end, you'll feel liberated | This deep release prepares you for deep sleep | Sleep will feel like a welcomed refuge"
Better Sleep,HIGH,5,Extreme Cold Adaptation,5 minutes,Cold exposure to trigger deep sleep response,"Take a very cold shower (as cold as you can tolerate) | This creates stress on the system | As you warm up afterward, sleep response kicks in | The body seeks recovery | Warm yourself gradually and go to bed | Your nervous system will favor deep sleep | Experience extremely restorative sleep"
Better Sleep,HIGH,6,Emotional Release Session,5 minutes,Express and release difficult emotions before sleep,"Find a private space and allow yourself to cry | Release pent-up emotions from the day | Scream or vocalize if needed | Don't suppress, let it all out | By the end, you feel emotionally cleansed | Go to bed feeling lighter | Sleep will be deeper and more restorative"
Better Sleep,HIGH,7,Sleep Deprivation Strategy,5 minutes,Strategic sleep timing for deep sleep (Use carefully),"Only sleep 5-6 hours the previous night | Stay awake all the following day | Wait until your normal bedtime | By the time you sleep, you'll be exhausted | Sleep will be immediate and extremely deep | WARNING: Only do this occasionally, not regularly | Use sparingly for powerful sleep recovery"
Better Sleep,HIGH,8,Intense Massage Session,5 minutes,Deep tissue work before bed for sleep,Use a massage gun on tight muscle areas | Or have someone give you a deep tissue massage | Release deeply held tension and trigger points | Work intensely for 5 minutes | This releases endorphins and relaxation | Your body will feel completely resolved | Sleep will be deep and continuous
Better Sleep,HIGH,9,Climactic Physical Challenge,5 minutes,Final intense movement session right before bed,"Do 5 minutes of maximum-intensity exercise | Stairs, sprints, or climbing movements | Push yourself to near complete exhaustion | The extreme physical demand triggers sleep | Your body desperately needs recovery | Immediately go to bed after | Experience knock-out, restorative sleep"
Better Sleep,HIGH,10,Crisis Release Work,5 minutes,Work through major stressors before sleep,Write or express major worries quickly | Get them out of your head | Make action plans for what needs to be done | Mentally release responsibility for tonight | Tell yourself you'll handle it tomorrow | Lie down with a clear conscience | Sleep will be deep as worries are processed
Better Sleep,HIGH,11,Extreme Sport Session,5 minutes,High-adrenaline activity for deep sleep,"Engage in intense sport: rock climbing, martial arts, etc. | Push yourself to high arousal levels | The extreme activation exhausts your system | As the adrenaline wears off, sleep becomes dominant | Your brain will desperately want rest | Go to bed within hours | Sleep will be profound and healing"
Better Sleep,HIGH,12,Controlled Hyperventilation,5 minutes,Intense breathing followed by deep relaxation (Use carefully),Breathe rapidly and deeply for 30 seconds | Your nervous system becomes activated | Suddenly stop and breathe normally | The rebound effect creates deep calm | Repeat this pattern 2-3 times | Each cycle deepens the parasympathetic response | WARNING: May cause lightheadedness | Sleep will be very deep
Better Sleep,HIGH,13,Intense Conflict Resolution,5 minutes,Deep emotional processing before sleep,"Have a meaningful conversation or journaling session | Work through a significant relationship issue | Feel the emotional intensity fully | By the end, feel emotionally resolved | Your psyche will seek sleep for integration | Sleep will be deep as your mind processes | Wake up with new clarity and integration"
Better Sleep,HIGH,14,Maximum Accountability Session,5 minutes,Mental work that exhausts the mind for sleep,Work through difficult decisions or problems | Make commitments and action plans | Take full accountability for your life | This mental work exhausts your prefrontal cortex | Your brain will demand rest | Sleep will be deep as your mind integrates | Wake up feeling resolved
Better Sleep,HIGH,15,Peak Experience Culmination,5 minutes,Highly emotional experience right before bed,Watch something extremely meaningful to you | Listen to emotionally powerful music | Read something that moves you deeply | Allow full emotional experience | The emotional release exhausts you | Go to bed in this emotionally processed state | Sleep will be profound and integrative
Physical Fitness,LOW,1,Gentle Walking,5 minutes,Easy low-impact cardio activity,"Find a comfortable walking space | Walk at a slow, comfortable pace | Focus on proper posture | Swing arms gently with each step | Maintain steady breathing | Walk for full 5 minutes | Cool down with slower pace at the end"
Physical Fitness,LOW,2,Seated Arm Raises,5 minutes,Upper body strengthening from seated position,"Sit upright in a sturdy chair | Raise both arms out to sides to shoulder height | Lower arms and repeat, 2 minutes | Raise arms forward to shoulder height | Lower and repeat, 2 minutes | Raise arms overhead | Lower and repeat, 1 minute"
Physical Fitness,LOW,3,Standing Hip Circles,5 minutes,Hip mobility and light core engagement,"Stand with feet hip-width apart | Place hands on hips | Make slow circles with your hips, 1.5 minutes clockwise | Reverse direction, 1.5 minutes counterclockwise | Increase the size of circles | Notice the loosening in your hips | End with small gentle circles"
Physical Fitness,LOW,4,Wall Push-Ups,5 minutes,Low-intensity chest and arm strengthening,"Face a wall at arm's length distance | Place hands on wall at shoulder height | Lean in toward wall, pushing back to start | Do 15-20 repetitions, rest 1 minute | Repeat for 2-3 more sets | Maintain proper form and steady breathing | Notice the mild chest and arm engagement"
Physical Fitness,LOW,5,Glute Bridges,5 minutes,Lower body activation and strengthening,"Lie on your back with knees bent, feet flat | Press through your heels and lift hips up | Hold for 2 seconds at the top | Lower and repeat, 3 minutes of continuous reps | Rest 1 minute | Do another 1 minute of continuous reps | Feel the glute activation"
Physical Fitness,LOW,6,Shoulder Rolls,5 minutes,Mobility and tension release,"Stand upright with arms at your sides | Roll shoulders backward slowly, 2 minutes (20 rolls) | Rest 30 seconds | Roll shoulders forward slowly, 2 minutes (20 rolls) | Rest 30 seconds | Notice improved shoulder mobility | Maintain relaxed posture"
Physical Fitness,LOW,7,Calf Raises,5 minutes,Lower leg strengthening,Stand with feet hip-width apart | Rise up onto your toes | Lower back down and repeat | Do this continuously for 3 minutes | Rest 1 minute | Continue for another 1 minute | Feel the calf muscle engagement
Physical Fitness,LOW,8,Gentle Yoga Stretch Flow,5 minutes,Flexibility and mobility work,"Child's pose, hold 45 seconds | Cat-cow stretch, 1 minute flowing | Downward dog, hold 45 seconds | Forward fold, hold 45 seconds | Repeat the sequence | Move slowly and deliberately | End in standing forward fold"
Physical Fitness,LOW,9,Bicep Curls with Light Weight,5 minutes,Arm strengthening with resistance,"Hold light dumbbells or water bottles | Curl weight toward shoulders, 45 seconds | Rest 15 seconds | Repeat curls, 45 seconds | Rest 15 seconds | Continue alternating for full 5 minutes | Focus on controlled movement"
Physical Fitness,LOW,10,Quadriceps Tightening,5 minutes,Isometric leg strengthening,"Sit in a chair with legs extended | Tighten your thigh muscles, hold for 5 seconds | Release and rest 5 seconds | Repeat this pattern continuously for 5 minutes | Alternate legs or do both simultaneously | The isometric work strengthens without movement | Notice the muscle engagement"
Physical Fitness,LOW,11,Seated Torso Twists,5 minutes,Core and rotational flexibility,"Sit upright in a chair | Cross arms over chest | Slowly twist torso to the right, hold 20 seconds | Return to center and twist left, hold 20 seconds | Repeat this pattern for 5 minutes | Increase the range gradually | Feel the core engagement and flexibility"
Physical Fitness,LOW,12,Hamstring Stretch,5 minutes,Posterior chain flexibility,"Stand or sit with legs extended | Reach toward your toes gently | Hold when you feel a stretch, 1 minute | Relax and reach further | Hold the deeper stretch, 1 minute | Repeat this 2-3 more times | End with relaxed gentle stretch"
Physical Fitness,LOW,13,Plank Hold (Modified),5 minutes,Core strengthening with modification,Assume plank position with knees on ground | Hold for 20-30 seconds | Rest 30 seconds | Repeat this pattern 5-6 times throughout 5 minutes | Maintain proper alignment | Feel core activation | Gradually increase hold time
Physical Fitness,LOW,14,Resistance Band Rows,5 minutes,Back strengthening with resistance,"Hold resistance band with both hands | Pull band toward your body, elbows back | Do this for 45 seconds | Rest 15 seconds | Repeat for 5 cycles | Focus on squeezing shoulder blades together | Notice back and shoulder engagement"
Physical Fitness,LOW,15,Lateral Leg Lifts,5 minutes,Hip and glute strengthening,"Stand on one leg, hold onto something for balance | Lift other leg out to the side slowly | Lower and repeat, 2 minutes each side | Rest 1 minute | Repeat for another minute on each side | Feel hip and glute activation | Maintain proper posture"
Physical Fitness,MEDIUM,1,Circuit Training Moderate,5 minutes,Back-to-back exercises at moderate intensity,Do 45 seconds of bodyweight squats | Do 45 seconds of push-ups | Do 45 seconds of lunges | Do 45 seconds of mountain climbers | Do 45 seconds of jumping jacks | Rest 1 minute | Repeat the circuit once
Physical Fitness,MEDIUM,2,Moderate Jogging,5 minutes,Steady-state cardio at moderate pace,Warm up with 1 minute of walking | Jog at comfortable but challenging pace for 3 minutes | Cool down with 1 minute of walking | Maintain steady breathing | Monitor your intensity (should be able to speak) | Notice heart rate elevation | Feel energized at the end
Physical Fitness,MEDIUM,3,Compound Lift Session,5 minutes,Major compound movements for strength,Do 1 minute of goblet squats (holding weight) | Do 1 minute of dumbbell rows | Do 1 minute of push-ups (regular or modified) | Do 1 minute of deadlifts or deadlift variations | Do final 1 minute of your strongest movement | Rest only as needed to maintain form | Feel full-body engagement
Physical Fitness,MEDIUM,4,Moderate Cycling,5 minutes,Stationary bike at moderate effort,Warm up for 1 minute at easy pace | Increase to moderate intensity for 3 minutes | Cool down for 1 minute at easy pace | Maintain cadence of 80-100 RPM | Increase resistance to increase difficulty | Focus on smooth pedaling | Notice leg engagement and cardio benefit
Physical Fitness,MEDIUM,5,Ab Circuit Moderate,5 minutes,Core strengthening with moderate intensity,Do 1 minute of crunches | Do 45 seconds of plank hold | Do 45 seconds of bicycle crunches | Do 45 seconds of leg raises | Do 45 seconds of dead bugs | Rest 30 seconds | Repeat the circuit
Physical Fitness,MEDIUM,6,Jump Rope Session,5 minutes,Moderate-paced jump rope work,"Warm up with easy jumping, 1 minute | Do moderate-paced jumping for 3 minutes | Cool down with easy jumping, 1 minute | Focus on steady rhythm | Keep core engaged | Notice improved coordination | Feel cardiovascular and lower body work"
Physical Fitness,MEDIUM,7,Bodyweight Strength Sequence,5 minutes,Progressive bodyweight movements,Do 1 minute of push-ups | Do 1 minute of squats | Do 1 minute of tricep dips (using chair) | Do 1 minute of lunges | Do final 1 minute combining movements | Maintain good form throughout | Feel muscle activation throughout body
Physical Fitness,MEDIUM,8,Interval Running,5 minutes,Alternating pace running,Warm up with 1 minute easy jogging | Do 30 seconds at moderate speed | Do 30 seconds at easy speed | Repeat the pattern 3 more times | Cool down with 1 minute easy pace | Focus on smooth transitions | Notice the cardiovascular benefit
Physical Fitness,MEDIUM,9,Kettlebell Swings,5 minutes,Dynamic full-body kettlebell work,"Hold kettlebell with both hands | Do 45 seconds of continuous swings | Rest 15 seconds | Repeat this pattern 5 times | Swing with hip power, not arm power | Maintain steady breathing | Feel full-body engagement"
Physical Fitness,MEDIUM,10,Swimming Moderate,5 minutes,Steady-pace swimming,Warm up with 1 minute of easy swimming | Swim at moderate pace for 3 minutes | Cool down with 1 minute of easy swimming | Use steady breathing rhythm | Alternate strokes if desired | Notice full-body engagement | Feel low-impact cardiovascular work
Physical Fitness,MEDIUM,11,Suspension Trainer Circuit,5 minutes,Full-body work with suspension trainer,Do 1 minute of rows | Do 1 minute of push-ups with suspension trainer | Do 1 minute of squats with suspension trainer | Do 1 minute of hamstring curls | Do final 1 minute combining movements | Maintain core engagement throughout | Feel total-body activation
Physical Fitness,MEDIUM,12,Stair Climbing,5 minutes,Lower body cardio on stairs,"Warm up walking stairs slowly, 1 minute | Climb stairs at moderate pace for 3 minutes | Cool down walking slowly for 1 minute | Maintain upright posture | Use handrail for balance if needed | Notice glute and leg engagement | Feel cardiovascular challenge"
Physical Fitness,MEDIUM,13,Dumbbell Thrusters,5 minutes,Full-body compound movement,Hold dumbbells at shoulder height | Do 1 minute of thrusters (squat then press) | Rest 30 seconds | Do another 1 minute of thrusters | Rest 30 seconds | Do final 1 minute at maximum effort | Feel full-body engagement and cardio work
Physical Fitness,MEDIUM,14,Battle Ropes,5 minutes,Upper body and core dynamic work,Hold battle ropes at waist height | Do 45 seconds of alternating arm waves | Rest 15 seconds | Do 45 seconds of simultaneous waves | Rest 15 seconds | Repeat pattern throughout 5 minutes | Feel upper body and core engagement
Physical Fitness,MEDIUM,15,Functional Movement Flow,5 minutes,Natural movement patterns at moderate intensity,"Do 1 minute of crawling movements | Do 1 minute of jumping movements | Do 1 minute of throwing movements | Do 1 minute of reaching movements | Do final 1 minute combining movements | Focus on natural, efficient movement | Feel functional full-body engagement"
Physical Fitness,HIGH,1,HIIT Maximum,5 minutes,High-intensity interval training at maximum effort,Do 40 seconds burpees at maximum intensity | Rest 20 seconds | Do 40 seconds jump squats at maximum intensity | Rest 20 seconds | Do 40 seconds mountain climbers at maximum intensity | Rest 20 seconds | Do final 40 seconds at absolute maximum
Physical Fitness,HIGH,2,Sprint Training,5 minutes,Maximum-speed running intervals,Warm up with 30 seconds easy jogging | Sprint 30 seconds at maximum speed | Recover 30 seconds with walk/jog | Repeat sprint-recovery pattern 4 more times | Cool down with 30 seconds easy pace | Push to maximum effort on each sprint | Feel full cardiovascular challenge
Physical Fitness,HIGH,3,Maximum Strength Circuit,5 minutes,Heavy compound lifts back-to-back,Do 1 minute of heavy squats (or max effort equivalent) | Do 1 minute of heavy deadlifts | Do 1 minute of heavy bench press or push-ups | Do 1 minute of heavy rows | Do final 1 minute at maximum effort on strongest lift | Use maximum sustainable weight | Rest only when form breaks
Physical Fitness,HIGH,4,CrossFit-Style Workout,5 minutes,Complex movements at high intensity,Do 1 minute of kettlebell snatches (alternating) | Do 1 minute of box jumps or burpee box jumps | Do 1 minute of medicine ball slams | Do 1 minute of rope climbs or equivalent | Do final 1 minute combining movements | Go at maximum sustainable pace | Feel total-body extreme challenge
Physical Fitness,HIGH,5,Plyometric Explosion,5 minutes,Maximum explosive movements,Do 1 minute of clapping push-ups at maximum pace | Do 1 minute of broad jumps (or maximum jump equivalents) | Do 1 minute of explosive lunges | Do 1 minute of bounding movements | Do final 1 minute at absolute maximum intensity | Explode with every movement | Feel explosive power development
Physical Fitness,HIGH,6,Extreme Cardio Blast,5 minutes,Maximum cardiovascular challenge,"Choose your most challenging cardio activity | Push at maximum intensity for full 5 minutes | Examples: rowing, cycling, running, swimming | Go 'all out' without stopping | Focus only on maximum effort | Your heart rate should be maximal | End completely exhausted"
Physical Fitness,HIGH,7,Combat Sport Drill,5 minutes,Maximum-intensity martial arts,1 minute of maximum-speed punching combinations | 1 minute of maximum-speed kicking combinations | 1 minute of shadow boxing at maximum intensity | 1 minute of mitt work or bag work at maximum power | 1 minute combining all movements at maximum | Deliver maximum power and speed | Feel warrior energy and power
Physical Fitness,HIGH,8,Total Body Power Day,5 minutes,Complex full-body movements,1 minute of dumbbell snatches at maximum intensity | 1 minute of heavy cleans or alternatives | 1 minute of Turkish get-ups at maximum pace | 1 minute of farmer's carries with heavy weight | 1 minute combining movements at maximum | Use maximum manageable weight | Go to near-failure on each exercise
Physical Fitness,HIGH,9,Extreme Core Challenge,5 minutes,Maximum-intensity core work,1 minute of full plank holds to failure | 1 minute of ab wheel rollouts or maximum equivalent | 1 minute of weighted sit-ups at maximum pace | 1 minute of V-ups or maximum equivalent | 1 minute combining all at maximum intensity | Push abs to complete fatigue | Feel extreme core engagement
Physical Fitness,HIGH,10,Obstacle Course Sprint,5 minutes,Maximum-intensity obstacle navigation,Set up or find an obstacle course | Run through at maximum speed for full 5 minutes | Complete as many rounds as possible | Push intensity to maximum | Use full power and speed | Challenge your agility and power | Feel complete physical exhaustion
Physical Fitness,HIGH,11,Maximum Endurance Test,5 minutes,Longest sustainable maximum effort,"Choose 1-2 compound movements | Do them continuously at maximum sustainable pace | Examples: kettlebell swings, burpees, or jump rope | Continue for full 5 minutes without stopping | Never drop below maximum effort level | Complete as many reps as possible | Feel total exhaustion at the end"
Physical Fitness,HIGH,12,Team Competitive Sport,5 minutes,Full-intensity competitive team sport,"Play your favorite sport at maximum competitive level | Examples: basketball, soccer, rugby, hockey | Go 100% for the entire 5 minutes | Use maximum effort and intensity | Engage fully with strategy and power | Feed off competitive energy | Feel extreme physical challenge"
Physical Fitness,HIGH,13,Extreme Strength Endurance,5 minutes,Heavy weight for high reps,"Use weights at 60-70% of maximum strength | Do high reps continuously for 5 minutes | Rotate between major movement patterns | Maintain intensity throughout | Never rest, keep moving | Burn out every muscle group | Feel complete metabolic challenge"
Physical Fitness,HIGH,14,Olympic Lift Complex,5 minutes,Complex Olympic lifting variations,1 minute of clean and jerk repetitions | 1 minute of snatch variations at maximum power | 1 minute of complex combinations | 1 minute of heavy compound movements | 1 minute at absolute maximum intensity | Use maximum sustainable weight | Feel explosive power and total fatigue
Physical Fitness,HIGH,15,Final Victory Sprint,5 minutes,Absolute maximum final effort,"Give yourself 5 full minutes | Do your most challenging and favorite movement | Push to absolute maximum every single second | No rest, no stopping, pure effort | Go until you cannot continue | Finish strong with remaining energy | Celebrate the extreme effort"
Healthy Eating,LOW,1,Mindful Snack Pause,5 minutes,Conscious eating of a healthy snack,"Choose a healthy snack (apple, nuts, yogurt, etc.) | Sit comfortably and avoid distractions | Observe the food: color, shape, texture | Smell the food deeply | Eat one piece slowly, chewing thoroughly | Notice the taste and texture fully | Finish the snack with full awareness"
Healthy Eating,LOW,2,Hydration Ritual,5 minutes,Intentional water drinking,"Fill a glass with fresh water | Sit in a comfortable spot | Hold the glass and notice its coolness | Take slow, deliberate sips | Drink half the glass slowly over 5 minutes | Notice the refreshing sensation | Appreciate the hydration benefit"
Healthy Eating,LOW,3,Vegetable Appreciation,5 minutes,Learning to enjoy vegetables,"Choose a vegetable (carrot, cucumber, bell pepper) | Cut it into bite-sized pieces | Observe the natural colors and patterns | Smell each piece | Eat slowly, chewing thoroughly | Notice the natural flavors | Appreciate vegetables' health benefits"
Healthy Eating,LOW,4,Healthy Smoothie Preparation,5 minutes,Making a nutritious smoothie,"Gather ingredients: fruit, yogurt, liquid, optional greens | Add ingredients to blender intentionally | Blend until smooth | Pour into a glass slowly | Observe the color and consistency | Drink slowly, enjoying each sip | Notice the energy from nutrients"
Healthy Eating,LOW,5,Fruit Salad Creation,5 minutes,Preparing a colorful fruit mix,"Choose 3-4 different fruits | Wash fruits carefully | Cut into bite-sized pieces | Arrange colorfully on a plate | Eat slowly, one piece at a time | Notice different flavors of each fruit | Enjoy the natural sweetness and nutrition"
Healthy Eating,LOW,6,Protein Source Appreciation,5 minutes,Mindfully consuming protein,"Choose a protein: egg, fish, tofu, beans, etc. | Prepare simply without rushing | Plate it nicely | Sit and focus on eating | Chew thoroughly, notice protein benefit | Eat slowly for full 5 minutes | Feel satisfied and nourished"
Healthy Eating,LOW,7,Whole Grain Introduction,5 minutes,Learning to enjoy whole grains,"Prepare a whole grain: brown rice, oats, quinoa | Plate a small portion | Observe the texture and color | Eat slowly and deliberately | Notice the nutty flavor | Feel the sustained energy from whole grains | Appreciate nutritional density"
Healthy Eating,LOW,8,Herbal Tea Ritual,5 minutes,Calming tea with mindfulness,"Brew your favorite herbal tea | Hold the warm cup | Breathe in the steam | Smell the tea deeply | Sip slowly, noticing the taste | Feel the warmth spreading | Finish the tea with full presence"
Healthy Eating,LOW,9,Nut Portion Control,5 minutes,Eating nuts mindfully and in moderation,"Measure a small handful of nuts | Sit comfortably away from distractions | Eat one nut at a time | Chew thoroughly, notice the flavor | Feel the healthy fat satisfaction | Eat slowly for full 5 minutes | Feel satisfied with small portion"
Healthy Eating,LOW,10,Dark Chocolate Appreciation,5 minutes,Enjoying dark chocolate mindfully,Choose high-quality dark chocolate | Break into small squares | Observe the color and texture | Smell the chocolate | Place one piece in mouth and let it melt | Notice the rich flavor | Enjoy small amounts with full presence
Healthy Eating,LOW,11,Healthy Oil Tasting,5 minutes,Learning about healthy fats,Taste a small amount of olive oil | Notice the flavor and aroma | Consider how to use it in cooking | Learn about heart-health benefits | Appreciate quality oils | Plan to incorporate into meals | Feel empowered about nutrition
Healthy Eating,LOW,12,Spice Appreciation,5 minutes,Exploring healthy flavor additives,"Choose a healing spice: turmeric, ginger, cinnamon | Smell the spice deeply | Research its health benefits | Add to a simple dish or tea | Taste and appreciate the flavor | Notice the flavor enhancement | Plan to use spices regularly"
Healthy Eating,LOW,13,Leftover Meal Appreciation,5 minutes,Enjoying prepared healthy meals,Reheat a healthy meal prepared earlier | Plate it nicely | Sit and eat without distraction | Appreciate the planning and preparation | Notice the flavors and nutrition | Eat slowly and mindfully | Feel satisfied and nourished
Healthy Eating,LOW,14,Superfood Smoothie Bowl,5 minutes,Creating a nutrient-dense bowl,"Make a thick smoothie base | Add nutritious toppings: granola, seeds, berries | Arrange beautifully | Eat with a spoon slowly | Notice each ingredient's nutrition | Enjoy the variety of textures | Feel the energy boost from nutrients"
Healthy Eating,LOW,15,Gratitude Meal Moment,5 minutes,Expressing gratitude for healthy food,Prepare any healthy meal or snack | Sit and pause before eating | Express gratitude for the food | Acknowledge the energy and nutrition it provides | Eat slowly and intentionally | Feel appreciation with each bite | Complete the meal with full gratitude
Healthy Eating,MEDIUM,1,Healthy Meal Preparation,5 minutes,Quick prep of a balanced meal,"Choose a balanced meal: protein + vegetable + grain | Prep ingredients: wash, cut, portion | Combine into a balanced plate | Cook or assemble quickly | Plate attractively | Eat seated with focus for full 5 minutes | Feel satisfied and nourished"
Healthy Eating,MEDIUM,2,Vegetable Cooking Skill,5 minutes,Learning to cook vegetables well,"Choose a vegetable to cook | Prepare (wash, cut) | Saut or roast quickly with healthy oil | Add simple seasonings | Plate when cooked | Taste and adjust seasoning | Learn cooking techniques for better taste"
Healthy Eating,MEDIUM,3,Meal Prep Planning,5 minutes,Planning healthy meals for the week,Review your weekly schedule | Plan 3-5 simple healthy meals | Make a shopping list | Consider variety and nutrition | Write down meal plan details | Note any prep needed | Feel prepared and organized
Healthy Eating,MEDIUM,4,Protein Cooking Basics,5 minutes,Learning to cook protein sources,"Choose protein: fish, chicken, beans, tofu | Prepare properly for cooking | Cook using healthy method: grill, bake, steam | Season with herbs and spices | Test for doneness appropriately | Plate and eat slowly | Learn to cook proteins well"
Healthy Eating,MEDIUM,5,Balanced Plate Assembly,5 minutes,Creating nutritionally balanced meals,"Select portion of protein | Add generous serving of vegetables | Add whole grain portion | Add healthy fat source (oil, nuts, etc.) | Arrange into appealing plate | Eat slowly and intentionally | Feel complete nutrition"
Healthy Eating,MEDIUM,6,Salad Creation Art,5 minutes,Making delicious healthy salads,"Choose lettuce or greens base | Add colorful vegetables | Add protein: beans, fish, chicken, nuts | Prepare simple vinaigrette | Toss just before eating | Eat slowly and enjoy | Learn to make salads satisfying"
Healthy Eating,MEDIUM,7,Soup Preparation,5 minutes,Quick healthy soup making,"Choose broth and vegetables | Quickly prep and chop vegetables | Simmer in broth with seasonings | Add protein if desired | Simmer until cooked through | Taste and adjust seasoning | Enjoy warm, nourishing soup"
Healthy Eating,MEDIUM,8,Snack Strategy Planning,5 minutes,Planning healthy snack options,Identify healthy snack options you enjoy | Plan snacks for the week | Purchase or prepare snacks in advance | Portion into convenient containers | Make them easily accessible | Prepare 1-2 snacks to have ready | Feel equipped for healthy snacking
Healthy Eating,MEDIUM,9,Recipe Discovery,5 minutes,Finding new healthy recipes,Browse healthy recipe websites or books | Find 1-2 recipes that appeal to you | Read through ingredients and instructions | Consider nutrition and ingredients | Make shopping list if needed | Plan to try one soon | Expand your healthy cooking repertoire
Healthy Eating,MEDIUM,10,Beverage Swap Planning,5 minutes,Replacing unhealthy drinks with healthy options,Identify unhealthy beverages in your diet | Research healthy alternatives | Choose healthier options you'll enjoy | Purchase healthy beverages | Create transition plan for swaps | Start replacing 1-2 drinks | Feel proud of beverage improvements
Healthy Eating,MEDIUM,11,Healthy Breakfast Ideas,5 minutes,Planning nutritious breakfast options,Think of breakfast that appeals to you | Ensure it includes protein and whole grains | Prepare one breakfast to eat | Eat slowly and mindfully | Plan other breakfast options for week | Gather ingredients as needed | Commit to nutritious breakfasts
Healthy Eating,MEDIUM,12,Lunch Prep Session,5 minutes,Quick lunch preparation for upcoming days,Choose 1-2 lunch ideas | Prep components quickly | Assemble containers with portions | Label with date if needed | Store properly | Taste one to ensure quality | Feel ready for healthy lunches
Healthy Eating,MEDIUM,13,Nutrition Label Learning,5 minutes,Understanding nutrition information,"Pick a packaged food item | Study the nutrition label | Identify serving size | Check calories, protein, fiber | Compare to other similar products | Make informed purchasing decisions | Feel educated about nutrition"
Healthy Eating,MEDIUM,14,Dessert Alternatives,5 minutes,Finding healthier sweet treats,Identify your dessert cravings | Research healthier alternatives | Try one healthier option | Enjoy slowly and mindfully | Evaluate if it satisfies | Plan healthier dessert options | Reduce unhealthy dessert intake
Healthy Eating,MEDIUM,15,Cooking Technique Practice,5 minutes,Learning healthy cooking methods,"Choose a cooking technique: grill, steam, bake | Prepare simple ingredients | Practice the technique | Cook and taste the results | Note what worked well | Plan to use this technique regularly | Expand healthy cooking skills"
Healthy Eating,HIGH,1,Complete Meal from Scratch,5 minutes,Preparing complex multi-component meal quickly,Choose a complex healthy recipe | Prep all ingredients simultaneously | Work efficiently through multiple cooking steps | Manage timing of different components | Plate beautifully and present | Eat slowly despite effort | Appreciate culinary creation
Healthy Eating,HIGH,2,Intensive Meal Prep Day,5 minutes,Quick efficient prep for entire week,Plan 5-7 complete meals quickly | Create master shopping list | Prep proteins efficiently | Prep vegetables in large batches | Portion into containers rapidly | Organize storage optimally | Feel extremely prepared
Healthy Eating,HIGH,3,Advanced Recipe Execution,5 minutes,Preparing sophisticated healthy recipe,Choose advanced recipe with multiple steps | Execute precisely and efficiently | Manage complex techniques simultaneously | Control timing perfectly | Plate professionally | Taste and refine | Impress with culinary skill
Healthy Eating,HIGH,4,Nutritional Optimization Analysis,5 minutes,Deep analysis of nutritional needs,Assess your personal nutrition goals | Calculate your macronutrient needs | Research optimal micronutrient ratios | Design personalized nutrition strategy | Create meal plan aligned with goals | Prepare to implement thoroughly | Commit to nutritional excellence
Healthy Eating,HIGH,5,Specialty Ingredient Exploration,5 minutes,Discovering and using advanced ingredients,Research exotic superfoods | Purchase specialty healthy ingredients | Learn proper preparation methods | Incorporate into sophisticated recipes | Taste and appreciate | Expand nutritional variety significantly | Feel advanced in healthy eating
Healthy Eating,HIGH,6,Dietary Challenge Week,5 minutes,Planning week of nutritional improvement,"Choose nutritional challenge for week | Examples: all organic, plant-based, grain-free | Plan 7 compliant meals | Research all required ingredients | Make comprehensive shopping list | Prepare to execute perfectly | Commit to week-long discipline"
Healthy Eating,HIGH,7,Elimination Diet Planning,5 minutes,Strategic elimination to identify sensitivities,"Choose food groups to eliminate (e.g., dairy) | Research elimination diet protocol | Plan compliant meals for elimination period | Create detailed food journal plan | Gather replacement ingredients | Prepare for strict adherence | Commit to nutrition experiment"
Healthy Eating,HIGH,8,Advanced Cooking Class,5 minutes,Learning advanced healthy cooking techniques,Choose advanced technique to master | Study technique in depth | Practice with focus and precision | Critique your execution | Refine technique based on results | Plan regular practice | Master advanced culinary skills
Healthy Eating,HIGH,9,Nutritionist Consultation Planning,5 minutes,Preparing for professional nutrition guidance,Document current eating habits | List health goals and concerns | Research potential nutritionists | Prepare detailed food diary | Write specific questions | Schedule consultation | Prepare for expert guidance
Healthy Eating,HIGH,10,Organic & Local Sourcing,5 minutes,Finding and supporting local/organic sources,Research local farmers markets | Find organic suppliers | Visit sources in person | Build relationships with growers | Plan seasonal purchases | Commit to sustainable sourcing | Feel deeply connected to food sources
Healthy Eating,HIGH,11,Gut Health Optimization,5 minutes,Strategic nutrition for digestive health,Research gut health principles | Identify foods for optimal digestion | Plan meals supporting gut bacteria | Include fermented foods strategically | Prepare comprehensive food plan | Track digestive improvements | Optimize gastrointestinal health
Healthy Eating,HIGH,12,Anti-Inflammatory Mastery,5 minutes,Designing anti-inflammatory nutrition strategy,Learn anti-inflammatory foods deeply | Identify pro-inflammatory foods to eliminate | Create comprehensive anti-inflammatory meal plan | Research optimal timing and combinations | Implement systematically | Track inflammation markers improvement | Master inflammation management through food
Healthy Eating,HIGH,13,Performance Nutrition Planning,5 minutes,Nutrition optimized for athletic performance,Assess performance goals | Calculate optimal macronutrient ratios | Research performance-enhancing foods | Plan pre/post-workout nutrition | Time meals for maximum benefit | Prepare scientifically-based nutrition | Optimize athletic performance through food
Healthy Eating,HIGH,14,Advanced Meal Prep Engineering,5 minutes,Sophisticated meal prep system design,Design month-long meal prep schedule | Create recipes that maximize variety | Design efficient batch-cooking process | Optimize storage and organization | Plan rotation to prevent boredom | Implement system | Achieve nutritional perfection
Healthy Eating,HIGH,15,Genetic Nutrition Optimization,5 minutes,Personalizing nutrition based on genetics,Research nutrigenomics basics | Consider genetic testing if available | Assess personal genetic predispositions | Design nutrition aligned with genetics | Optimize macro/micronutrient ratios | Implement personalized strategy | Achieve ultimate nutritional optimization
Social Connection,LOW,1,Gratitude Message,5 minutes,Send appreciation message to someone,"Think of someone who has helped you | Compose a genuine gratitude message | Be specific about what they did | Express how it made you feel | Send via text, email, or call | Wait for and enjoy their response | Feel the connection strengthen"
Social Connection,LOW,2,Photo Share Memory,5 minutes,Share a positive memory with someone,Find a photo of a happy memory | Message someone in the photo | Reminisce about the moment together | Share why it was meaningful | Enjoy the conversation | Notice the reconnection | Feel warmth of the shared memory
Social Connection,LOW,3,Social Media Connection,5 minutes,Engage meaningfully on social media,"Open social media platform | Find friend's recent post | Write thoughtful, genuine comment | Ask a real question or share relevant thought | Respond if they reply | Spend time in real engagement | Feel connected despite distance"
Social Connection,LOW,4,Call a Friend,5 minutes,Direct phone connection with someone,Choose someone you haven't talked to recently | Call them directly | Ask how they're doing | Really listen to their response | Share something about your life | Enjoy the conversation | End on a warm note
Social Connection,LOW,5,Online Community Participation,5 minutes,Join online discussion meaningfully,Find online community aligned with interests | Read recent discussions | Contribute thoughtfully to conversation | Ask genuine questions | Respond to others' replies | Notice the sense of belonging | Plan to participate regularly
Social Connection,LOW,6,Letter or Email Writing,5 minutes,Write personal message to distant friend,"Choose someone you miss | Write a genuine, heartfelt letter/email | Share updates and feelings | Ask about their life | Express that you're thinking of them | Send with intention | Feel the effort of connection"
Social Connection,LOW,7,Video Call Setup,5 minutes,Schedule and start video call,Arrange time with someone for video call | Set up device and good lighting | Find quiet comfortable space | Start call and see their face | Have genuine conversation | Make eye contact and be present | End with warm goodbye
Social Connection,LOW,8,Group Chat Engagement,5 minutes,Participate in group conversation,Check existing group chat | Read recent messages | Contribute something relevant or funny | Respond to others' messages | Keep conversation going | Notice the group dynamic | Feel part of the community
Social Connection,LOW,9,Birthday or Anniversary Acknowledgment,5 minutes,Recognize important day for someone,"Remember or check calendar for someone's special day | Send thoughtful birthday/anniversary message | Share a memory or why they matter | Send along with something (gift, photo, etc.) | Make them feel celebrated | Stay in touch after the day | Strengthen the relationship"
Social Connection,LOW,10,Hobby Sharing Discussion,5 minutes,Connect over shared interests,Think of shared hobby with someone | Reach out about it | Share something new you learned | Ask them about their recent experience | Discuss techniques or experiences | Make plans to do hobby together soon | Feel connection through shared interest
Social Connection,LOW,11,Problem Sharing Check-In,5 minutes,Vulnerability and support connection,Reach out to trusted friend | Share something you're struggling with | Be honest about your feelings | Listen to their thoughts | Allow them to support you | Feel the safety in vulnerability | Deepen the relationship
Social Connection,LOW,12,Compliment Delivery,5 minutes,Give genuine compliments to others,"Think of people in your life | Identify specific qualities you admire | Contact each person | Share sincere, detailed compliments | Explain why you appreciate them | Notice their positive response | Strengthen relationships through appreciation"
Social Connection,LOW,13,Invite to Activity,5 minutes,Suggest doing something together,Think of friend you miss | Consider activity you could do together | Reach out with specific invitation | Suggest date and time | Make it easy for them to say yes | Feel excited about spending time | Plan follow-up if they can't make it
Social Connection,LOW,14,Story or Article Sharing,5 minutes,Share interesting content with others,"Find article, video, or story | Think of who would enjoy it | Send with personal note | Explain why you thought of them | Discuss when they respond | Feel the casual connection | Make sharing a regular practice"
Social Connection,LOW,15,Supportive Comment,5 minutes,Show support during someone's challenge,Notice if someone is going through difficulty | Reach out with supportive message | Validate their feelings | Offer specific support if appropriate | Let them know you're thinking of them | Check in later | Be the friend you'd want
Social Connection,MEDIUM,1,Lunch or Coffee Date,5 minutes,Plan and initiate in-person meetup,Choose friend or person to meet | Suggest specific coffee shop or restaurant | Propose specific date and time | Confirm and discuss what to bring | Arrive early and prepare space | Greet warmly and engage fully | End with concrete plans to meet again
Social Connection,MEDIUM,2,Group Activity Organization,5 minutes,Coordinate group outing or event,"Think of activity multiple people would enjoy | Identify interested people | Message group with specific proposal | Handle logistics (time, place, cost) | Send reminders as date approaches | Lead the activity with energy | Make it memorable"
Social Connection,MEDIUM,3,Skill Sharing Session,5 minutes,Teach someone a skill you have,Identify skill someone wants to learn | Prepare simple lesson plan | Schedule teaching session | Teach patiently and encouragingly | Let them practice with your guidance | Celebrate their progress | Offer future sessions
Social Connection,MEDIUM,4,Dinner Party Planning,5 minutes,Host dinner bringing friends together,Decide on date and guest list | Invite people with specific invitation | Plan menu and prepare ahead | Set welcoming atmosphere | Cook and serve with care | Facilitate conversation and connection | Make guests feel valued and welcomed
Social Connection,MEDIUM,5,Activity Partner Find,5 minutes,Recruit partner for regular activity,"Identify activity you enjoy | Find person interested in joining | Propose making it regular (weekly, monthly) | Establish consistent schedule | Share the activity together | Enjoy the routine connection | Deepen friendship through shared activity"
Social Connection,MEDIUM,6,Event Attendance,5 minutes,Attend community or social event,Find event aligned with interests | Invite friend or go alone | Arrive and introduce yourself to people | Engage in conversations | Join activities or discussions | Exchange contact info with connections | Follow up with new connections
Social Connection,MEDIUM,7,Volunteer Together,5 minutes,Coordinate volunteer activity with others,Find cause you're passionate about | Invite friends to volunteer with you | Register and arrange logistics | Work together toward meaningful goal | Discuss impact during and after | Plan future volunteer activities | Feel purpose and connection together
Social Connection,MEDIUM,8,Travel Planning Buddy,5 minutes,Plan trip with friend or group,Decide on destination and timeframe | Invite interested people | Collaborate on planning | Book accommodations together | Plan activities and experiences | Discuss expectations | Create exciting shared experience
Social Connection,MEDIUM,9,Workshop or Class Together,5 minutes,Take learning experience with others,"Find class or workshop (dance, art, cooking, etc.) | Invite friends to join | Register together | Attend and participate actively | Practice together outside class | Progress and learn together | Share growth and experience"
Social Connection,MEDIUM,10,Mentor Relationship,5 minutes,Develop mentoring relationship,Identify someone you could mentor | Propose mentoring relationship | Establish regular meeting time | Share knowledge and experience | Provide guidance and support | Celebrate their progress | Build meaningful developmental relationship
Social Connection,MEDIUM,11,Support Group Participation,5 minutes,Join support group for shared experience,Find support group aligned with your needs | Attend meeting with open mind | Share authentically if comfortable | Listen to others' experiences | Find common ground with others | Return to future meetings | Feel supported by others with similar experiences
Social Connection,MEDIUM,12,Family Connection Time,5 minutes,Quality time with family members,Plan family activity everyone enjoys | Suggest date and get buy-in | Put phones away and be present | Engage in conversation and activities | Share stories and laughter | Create new memories together | Strengthen family bonds
Social Connection,MEDIUM,13,Collaborative Project,5 minutes,Work on project together with others,Identify project with friends | Divide responsibilities clearly | Collaborate and support each other | Communicate regularly | Celebrate progress milestones | Complete project together | Enjoy accomplishment as team
Social Connection,MEDIUM,14,Neighborhood Community Building,5 minutes,Connect with and support neighbors,Introduce yourself to neighbors | Propose neighborhood gathering or activity | Organize pot luck or event | Facilitate neighbor connections | Establish regular community meetings | Create supportive neighborhood culture | Build sense of community
Social Connection,MEDIUM,15,Accountability Partnership,5 minutes,Create supportive accountability with friend,Find friend with similar goals | Define shared goals clearly | Establish regular check-in schedule | Share progress and challenges | Support and encourage each other | Celebrate wins together | Stay motivated through partnership
Social Connection,HIGH,1,Large Group Event Organization,5 minutes,Organize event bringing many people together,Conceptualize event for 15+ people | Secure venue and handle logistics | Send comprehensive invitations | Manage RSVPs and follow-ups | Coordinate volunteers and setup | Lead event with energy and inclusivity | Facilitate meaningful connections
Social Connection,HIGH,2,Community Leadership Initiative,5 minutes,Start new community group or initiative,Identify community need or opportunity | Define mission and vision clearly | Recruit core team members | Establish structure and communication | Launch first official meeting | Delegate roles and responsibilities | Build sustainable community organization
Social Connection,HIGH,3,Intensive Mentoring Program,5 minutes,Develop formal mentoring program,Design comprehensive mentoring curriculum | Recruit mentees and mentors | Create matching system | Establish regular meeting schedule | Facilitate meaningful mentor-mentee relationships | Track progress and outcomes | Expand program impact
Social Connection,HIGH,4,Deep Vulnerability Session,5 minutes,Facilitate intense emotional connection group,"Organize small group of trusted people | Create safe, confidential space | Establish circle format | Facilitate deep sharing and listening | Allow authentic emotional expression | Support vulnerability | Create transformative bonding experience"
Social Connection,HIGH,5,Intensive Weekend Retreat,5 minutes,Organize multi-day retreat experience,Plan retreat concept and location | Invite committed participants | Arrange accommodations and meals | Design meaningful programming | Lead retreat activities and connections | Facilitate bonding and growth | Create life-changing experience
Social Connection,HIGH,6,Crisis Support Network,5 minutes,Establish network for members' emergencies,Identify core group members | Establish emergency communication system | Create crisis response protocol | Assign support roles | Practice responding to hypothetical crisis | Build deep trust and readiness | Ensure community can support in crisis
Social Connection,HIGH,7,International Connection Project,5 minutes,Build cross-cultural connections,Establish partnership with international group | Coordinate exchange program | Facilitate cultural learning | Organize ongoing communication | Plan in-person exchange if possible | Build bridges across cultures | Create global community
Social Connection,HIGH,8,Social Cause Campaign,5 minutes,Lead social justice or cause-driven effort,Identify cause you're passionate about | Build coalition of supporters | Develop campaign strategy | Organize events and outreach | Rally community support | Coordinate action toward goal | Create meaningful social impact
Social Connection,HIGH,9,Peer Support Training Program,5 minutes,Train others to provide peer support,Design peer support training curriculum | Recruit trainer candidates | Deliver comprehensive training | Certify peer support providers | Establish peer support network | Oversee peer support interactions | Scale mental health support through peers
Social Connection,HIGH,10,Family or Clan Reunion,5 minutes,Organize large-scale family gathering,Coordinate with extended family | Choose location and date | Arrange accommodations and activities | Create agenda with group activities | Facilitate reconnection and bonding | Document memories | Establish ongoing connection plans
Social Connection,HIGH,11,Networking Summit Organization,5 minutes,Organize professional networking event,Define summit theme and goals | Recruit high-value speakers | Secure venue for 50-100+ attendees | Develop program with panels and discussions | Facilitate meaningful professional connections | Follow up with attendees | Build reputation as connector and leader
Social Connection,HIGH,12,Deep Friendship Covenant,5 minutes,Create formal commitment with close friends,Gather closest friends | Discuss and articulate shared values | Create friendship covenant or manifesto | Define commitment to each other | Establish regular connection rituals | Make symbolic commitment | Build unshakeable bond
Social Connection,HIGH,13,Neighborhood Transformation Project,5 minutes,Lead community improvement initiative,Identify neighborhood improvement opportunity | Rally neighbors to contribute | Organize work parties and efforts | Secure funding or resources | Execute transformation project | Build neighborhood pride | Create lasting positive change
Social Connection,HIGH,14,Unconditional Support Pledge,5 minutes,Make deep commitment to someone's wellbeing,Choose person to deeply support | Have honest conversation about commitment | Define what support means | Establish regular check-ins | Show up consistently | Support through challenges | Create life-altering supportive relationship
Social Connection,HIGH,15,Generational Wisdom Sharing,5 minutes,Share life wisdom across generations,Organize gathering across age groups | Facilitate elder wisdom sharing | Record stories and lessons | Create intergenerational mentoring | Build continuity and learning | Create family or community legacy | Honor wisdom and experience
